{
  "sensors": {
    // IMU config
    "imu_acc_noise": 0.05,
    "imu_gyro_noise": 0.02,
    "imu_int_noise": 0.001,
    "imu_bias_noise": 0.001,
    // LiDAR config
    "global_shutter_lidar": false,
    "T_lidar_imu": [
      0.006,
      -0.012,
      0.008,
      0.0,
      0.0,
      0.0,
      1.0
    ],
    // LiDAR per-point time settings
    "autoconf_perpoint_times": true,
    "autoconf_prefer_frame_time": false,
    "perpoint_relative_time": true,
    "perpoint_time_scale": 1.0,
    // Camera config (required for only extension modules)
    "global_shutter_camera": true,
    "image_size": [
      752,
      480
    ],
    "T_lidar_camera": [
      -0.00320,
      -0.05292,
      0.00108,
      0.00837,
      0.72559,
      -0.00328,
      0.68807
    ],
    "intrinsics": [
      815.498895336274,
      817.4904316140473,
      830.3149255906893,
      639.4531613962971
    ],
    "distortion_model": "plumb_bob",
    "distortion_coeffs": [
      -0.02295507941388206,
      0.0681131726659881,
      -0.0005798510962983399,
      0.00128686963241809,
      -0.03279627881588615
    ]
  }
}
